MLE,GeoMLE,MIND,DANCo,ESS,PCA,CD,Hein,noise
0,0.016827528335326972,0.010810635060047305,0.01269547783525373,0.011151963010275535,0.034422814532594805,0.033914982949080456,0.01584891155590435,0.0155517315770851,0.0
1,0.016838566149010952,0.014703705391172757,0.014825447279907731,0.014912731288023895,0.03434334896323652,0.03390779632250655,0.022699513481035053,0.032123598743137964,0.01
2,0.018188574264280635,0.016458468156452657,0.018074921233092716,0.0301716380787596,0.03446292706464568,0.03390004124850045,0.040184639057213915,0.051760429974019924,0.02
3,0.01795660047776919,0.017993939975142547,0.02435206068005937,0.04645646843107225,0.03435017291222896,0.03390779632250655,0.046638186848881255,0.058810130603157366,0.03
4,0.024597912884752056,0.02697710448647124,0.033764939788874286,0.05852103153461671,0.0343897335231399,0.033797693316922256,0.05178239240836654,0.06272825254676385,0.04
5,0.026546490709832053,0.03056014577927307,0.04409437840884154,0.0667236570214464,0.03436091129202391,0.033654911678404266,0.05863415075866629,0.06856724731062852,0.05
