MLE,GeoMLE,MIND,DANCo,ESS,PCA,CD,Hein,noise
0,0.24177037037037033,0.0988342151675485,0.17694497354497354,0.10440811287477955,0.3827181657848324,0.4237954144620811,0.1922910052910053,0.1807111111111111,0.0
1,0.23777037037037035,0.13324126984126985,0.20036084656084654,0.1580871252204586,0.38559012345679006,0.4237954144620811,0.24800070546737213,0.2818885361552028,0.01
2,0.2850560846560846,0.15375802469135802,0.2572934744268078,0.243736860670194,0.38105784832451506,0.4249065255731922,0.3192232804232804,0.36748359788359786,0.02
3,0.2895354497354497,0.1769283950617284,0.2958007054673721,0.3789537918871252,0.3842134038800705,0.4260176366843033,0.39106137566137567,0.43496931216931217,0.03
4,0.3282761904761905,0.22653439153439156,0.3649456790123457,0.47090652557319224,0.38706208112874785,0.42700176366843035,0.4457449735449735,0.5011068783068783,0.04
5,0.376494885361552,0.2739012345679012,0.42085361552028216,0.49864409171075835,0.3882853615520282,0.4295837742504409,0.4985940035273369,0.5374179894179894,0.05
